ndar id,ndar name,ndar missing value,mapping,ndar range,coins id,default value,coins name,coins missing value,function,args,coins range
0,subjectkey,9999,0,,0,9999,ursi,"~<userSkipped>~,~<condSkipped>~",findGuid,,
1,src_subject_id,9999,0,,1,9999,oldest_ursi,,,,
2,interview_date,9999,3,,2,9999,asmt_ursi,,,,
3,interview_age,9999,"0,3",0 :: 1260,3,9999,assessment_date,,findAge,,
4,gender,9999,0,M;F; T,4,9999,assessment_id,,findGender,,
5,apev_01,9999,15,0;1,5,9999,ursi,,,,
6,apra_01,9999,18,-1::1,6,9999,instrument,,,,
7,apev_02,9999,21,0;1,7,9999,segment_interval,,,,
8,apra_02,9999,24,-1::1,8,9999,segment_instance,,,,
9,apev_03,9999,27,0;1,9,9999,entry_code,,,,
10,apra_03,9999,30,-1::1,10,9999,site_id,,,,
11,apev_04,9999,33,0;1,11,9999,source_type,,,,
12,apra_04,9999,36,-1::1,12,9999,rater1,,,,
13,apev_05,9999,39,0;1,13,9999,successfully_completed,,,,
14,apra_05,9999,42,-1::1,14,9999,notes,,,,
15,apev_06,9999,45,0;1,15,9999,twinv-apev_001t-1,,,,-1::1
16,apra_06,9999,48,-1::1,16,9999,pilot-apev_001t-1,,,,-1::1
17,apev_07,9999,51,0;1,17,9999,hgrd1_tv1-apev_001t-1,,,,-1::1
18,apra_07,9999,54,-1::1,18,9999,twinv-apra_001t-1,,,,0;1
19,apev_08,9999,57,0;1,19,9999,pilot-apra_001t-1,,,,0;1
20,apra_08,9999,60,-1::1,20,9999,hgrd1_tv1-apra_001t-1,,,,0;1
21,apev_09,9999,63,0;1,21,9999,twinv-apev_002t-1,,,,-1::1
22,apra_09,9999,66,-1::1,22,9999,pilot-apev_002t-1,,,,-1::1
23,apev_10,9999,69,0;1,23,9999,hgrd1_tv1-apev_002t-1,,,,-1::1
24,apra_10,9999,72,-1::1,24,9999,twinv-apra_002t-1,,,,0;1
25,apev_11,9999,75,0;1,25,9999,pilot-apra_002t-1,,,,0;1
26,apra_11,9999,78,-1::1,26,9999,hgrd1_tv1-apra_002t-1,,,,0;1
27,apev_12,9999,81,0;1,27,9999,twinv-apev_003t-1,,,,-1::1
28,apra_12,9999,84,-1::1,28,9999,pilot-apev_003t-1,,,,-1::1
29,apev_13,9999,87,0;1,29,9999,hgrd1_tv1-apev_003t-1,,,,-1::1
30,apra_13,9999,90,-1::1,30,9999,twinv-apra_003t-1,,,,0;1
31,apev_14,9999,93,0;1,31,9999,pilot-apra_003t-1,,,,0;1
32,apra_14,9999,96,-1::1,32,9999,hgrd1_tv1-apra_003t-1,,,,0;1
33,apev_15,9999,99,0;1,33,9999,twinv-apev_004t-1,,,,-1::1
34,apra_15,9999,102,-1::1,34,9999,pilot-apev_004t-1,,,,-1::1
35,apev_16,9999,105,0;1,35,9999,hgrd1_tv1-apev_004t-1,,,,-1::1
36,apra_16,9999,108,-1::1,36,9999,twinv-apra_004t-1,,,,0;1
37,apev_17,9999,111,0;1,37,9999,pilot-apra_004t-1,,,,0;1
38,apra_17,9999,114,-1::1,38,9999,hgrd1_tv1-apra_004t-1,,,,0;1
39,apev_18,9999,117,0;1,39,9999,twinv-apev_005t-1,,,,-1::1
40,apra_18,9999,120,-1::1,40,9999,pilot-apev_005t-1,,,,-1::1
41,apev_19,9999,123,0;1,41,9999,hgrd1_tv1-apev_005t-1,,,,-1::1
42,apra_19,9999,126,-1::1,42,9999,twinv-apra_005t-1,,,,0;1
43,apev_20,9999,129,0;1,43,9999,pilot-apra_005t-1,,,,0;1
44,apra_20,9999,132,-1::1,44,9999,hgrd1_tv1-apra_005t-1,,,,0;1
45,apev_21,9999,135,0;1,45,9999,twinv-apev_006t-1,,,,-1::1
46,apra_21,9999,138,-1::1,46,9999,pilot-apev_006t-1,,,,-1::1
47,apev_22,9999,141,0;1,47,9999,hgrd1_tv1-apev_006t-1,,,,-1::1
48,apra_22,9999,144,-1::1,48,9999,twinv-apra_006t-1,,,,0;1
49,apev_23,9999,147,0;1,49,9999,pilot-apra_006t-1,,,,0;1
50,apra_23,9999,150,-1::1,50,9999,hgrd1_tv1-apra_006t-1,,,,0;1
51,apev_24,9999,153,0;1,51,9999,twinv-apev_007t-1,,,,-1::1
52,apra_24,9999,156,-1::1,52,9999,pilot-apev_007t-1,,,,-1::1
53,apev_25,9999,159,0;1,53,9999,hgrd1_tv1-apev_007t-1,,,,-1::1
54,apra_25,9999,162,-1::1,54,9999,twinv-apra_007t-1,,,,0;1
55,apev_26,9999,165,0;1,55,9999,pilot-apra_007t-1,,,,0;1
56,apra_26,9999,168,-1::1,56,9999,hgrd1_tv1-apra_007t-1,,,,0;1
57,apev_27,9999,171,0;1,57,9999,twinv-apev_008t-1,,,,-1::1
58,apra_27,9999,174,-1::1,58,9999,pilot-apev_008t-1,,,,-1::1
59,apev_28,9999,177,0;1,59,9999,hgrd1_tv1-apev_008t-1,,,,-1::1
60,apra_28,9999,180,-1::1,60,9999,twinv-apra_008t-1,,,,0;1
61,apev_29,9999,183,0;1,61,9999,pilot-apra_008t-1,,,,0;1
62,apra_29,9999,186,-1::1,62,9999,hgrd1_tv1-apra_008t-1,,,,0;1
63,apev_30,9999,189,0;1,63,9999,twinv-apev_009t-1,,,,-1::1
64,apra_30,9999,192,-1::1,64,9999,pilot-apev_009t-1,,,,-1::1
65,apev_31,9999,195,0;1,65,9999,hgrd1_tv1-apev_009t-1,,,,-1::1
66,apra_31,9999,198,-1::1,66,9999,twinv-apra_009t-1,,,,0;1
67,apev_32,9999,201,0;1,67,9999,pilot-apra_009t-1,,,,0;1
68,apra_32,9999,204,-1::1,68,9999,hgrd1_tv1-apra_009t-1,,,,0;1
69,apev_33,9999,207,0;1,69,9999,twinv-apev_010t-1,,,,-1::1
70,apra_33,9999,210,-1::1,70,9999,pilot-apev_010t-1,,,,-1::1
71,apev_34,9999,213,0;1,71,9999,hgrd1_tv1-apev_010t-1,,,,-1::1
72,apra_34,9999,216,-1::1,72,9999,twinv-apra_010t-1,,,,0;1
73,apev_35,9999,219,0;1,73,9999,pilot-apra_010t-1,,,,0;1
74,apra_35,9999,222,-1::1,74,9999,hgrd1_tv1-apra_010t-1,,,,0;1
75,apev_36,9999,225,0;1,75,9999,twinv-apev_011t-1,,,,-1::1
76,apra_36,9999,228,-1::1,76,9999,pilot-apev_011t-1,,,,-1::1
77,apev_37,9999,231,0;1,77,9999,hgrd1_tv1-apev_011t-1,,,,-1::1
78,apra_37,9999,234,-1::1,78,9999,twinv-apra_011t-1,,,,0;1
79,apev_38,9999,237,0;1,79,9999,pilot-apra_011t-1,,,,0;1
80,apra_38,9999,240,-1::1,80,9999,hgrd1_tv1-apra_011t-1,,,,0;1
81,apev_39,9999,243,0;1,81,9999,twinv-apev_012t-1,,,,-1::1
82,apra_39,9999,246,-1::1,82,9999,pilot-apev_012t-1,,,,-1::1
83,apev_40,9999,249,0;1,83,9999,hgrd1_tv1-apev_012t-1,,,,-1::1
84,apra_40,9999,252,-1::1,84,9999,twinv-apra_012t-1,,,,0;1
85,apev_41,9999,255,0;1,85,9999,pilot-apra_012t-1,,,,0;1
86,apra_41,9999,258,-1::1,86,9999,hgrd1_tv1-apra_012t-1,,,,0;1
87,apev_42,9999,261,0;1,87,9999,twinv-apev_013t-1,,,,-1::1
88,apra_42,9999,264,-1::1,88,9999,pilot-apev_013t-1,,,,-1::1
89,apev_43,9999,267,0;1,89,9999,hgrd1_tv1-apev_013t-1,,,,-1::1
90,apra_43,9999,270,-1::1,90,9999,twinv-apra_013t-1,,,,0;1
91,apev_44,9999,273,0;1,91,9999,pilot-apra_013t-1,,,,0;1
92,apra_44,9999,276,-1::1,92,9999,hgrd1_tv1-apra_013t-1,,,,0;1
93,apev_45,9999,279,0;1,93,9999,twinv-apev_014t-1,,,,-1::1
94,apra_45,9999,282,-1::1,94,9999,pilot-apev_014t-1,,,,-1::1
95,apev_46,9999,285,0;1,95,9999,hgrd1_tv1-apev_014t-1,,,,-1::1
96,apra_46,9999,288,-1::1,96,9999,twinv-apra_014t-1,,,,0;1
97,apev_47,9999,291,0;1,97,9999,pilot-apra_014t-1,,,,0;1
98,apra_47,9999,294,-1::1,98,9999,hgrd1_tv1-apra_014t-1,,,,0;1
99,apev_48,9999,297,0;1,99,9999,twinv-apev_015t-1,,,,-1::1
100,apra_48,9999,300,-1::1,100,9999,pilot-apev_015t-1,,,,-1::1
101,apev_49,9999,303,0;1,101,9999,hgrd1_tv1-apev_015t-1,,,,-1::1
102,apra_49,9999,306,-1::1,102,9999,twinv-apra_015t-1,,,,0;1
103,apev_50,9999,309,0;1,103,9999,pilot-apra_015t-1,,,,0;1
104,apra_50,9999,312,-1::1,104,9999,hgrd1_tv1-apra_015t-1,,,,0;1
105,apev_51,9999,315,0;1,105,9999,twinv-apev_016t-1,,,,-1::1
106,apra_51,9999,318,-1::1,106,9999,pilot-apev_016t-1,,,,-1::1
107,apev_52,9999,321,0;1,107,9999,hgrd1_tv1-apev_016t-1,,,,-1::1
108,apra_52,9999,324,-1::1,108,9999,twinv-apra_016t-1,,,,0;1
109,apev_53,9999,327,0;1,109,9999,pilot-apra_016t-1,,,,0;1
110,apra_53,9999,330,-1::1,110,9999,hgrd1_tv1-apra_016t-1,,,,0;1
111,apev_54,9999,333,0;1,111,9999,twinv-apev_017t-1,,,,-1::1
112,apra_54,9999,336,-1::1,112,9999,pilot-apev_017t-1,,,,-1::1
113,apev_55,9999,339,0;1,113,9999,hgrd1_tv1-apev_017t-1,,,,-1::1
114,apra_55,9999,342,-1::1,114,9999,twinv-apra_017t-1,,,,0;1
115,apev_56,9999,345,0;1,115,9999,pilot-apra_017t-1,,,,0;1
116,apra_56,9999,348,-1::1,116,9999,hgrd1_tv1-apra_017t-1,,,,0;1
117,apev_57,9999,351,0;1,117,9999,twinv-apev_018t-1,,,,-1::1
118,apra_57,9999,354,-1::1,118,9999,pilot-apev_018t-1,,,,-1::1
119,apev_58,9999,357,0;1,119,9999,hgrd1_tv1-apev_018t-1,,,,-1::1
120,apra_58,9999,360,-1::1,120,9999,twinv-apra_018t-1,,,,0;1
121,apev_59,9999,363,0;1,121,9999,pilot-apra_018t-1,,,,0;1
122,apra_59,9999,366,-1::1,122,9999,hgrd1_tv1-apra_018t-1,,,,0;1
123,apev_60,9999,369,0;1,123,9999,twinv-apev_019t-1,,,,-1::1
124,apra_60,9999,372,-1::1,124,9999,pilot-apev_019t-1,,,,-1::1
125,apev_61,9999,375,0;1,125,9999,hgrd1_tv1-apev_019t-1,,,,-1::1
126,apra_61,9999,378,-1::1,126,9999,twinv-apra_019t-1,,,,0;1
127,apev_62,9999,381,0;1,127,9999,pilot-apra_019t-1,,,,0;1
128,apra_62,9999,384,-1::1,128,9999,hgrd1_tv1-apra_019t-1,,,,0;1
129,apev_63,9999,387,0;1,129,9999,twinv-apev_020t-1,,,,-1::1
130,apra_63,9999,390,-1::1,130,9999,pilot-apev_020t-1,,,,-1::1
131,apev_64,9999,393,0;1,131,9999,hgrd1_tv1-apev_020t-1,,,,-1::1
132,apra_64,9999,396,-1::1,132,9999,twinv-apra_020t-1,,,,0;1
133,apev_65,9999,399,0;1,133,9999,pilot-apra_020t-1,,,,0;1
134,apra_65,9999,402,-1::1,134,9999,hgrd1_tv1-apra_020t-1,,,,0;1
135,apev_66,9999,405,0;1,135,9999,twinv-apev_021t-1,,,,-1::1
136,apra_66,9999,408,-1::1,136,9999,pilot-apev_021t-1,,,,-1::1
137,apev_67,9999,411,0;1,137,9999,hgrd1_tv1-apev_021t-1,,,,-1::1
138,apra_67,9999,414,-1::1,138,9999,twinv-apra_021t-1,,,,0;1
139,apev_68,9999,417,0;1,139,9999,pilot-apra_021t-1,,,,0;1
140,apra_68,9999,420,-1::1,140,9999,hgrd1_tv1-apra_021t-1,,,,0;1
141,apev_69,9999,423,0;1,141,9999,twinv-apev_022t-1,,,,-1::1
142,apra_69,9999,426,-1::1,142,9999,pilot-apev_022t-1,,,,-1::1
143,apev_70,9999,429,0;1,143,9999,hgrd1_tv1-apev_022t-1,,,,-1::1
144,apra_70,9999,432,-1::1,144,9999,twinv-apra_022t-1,,,,0;1
145,apev_71,9999,435,0;1,145,9999,pilot-apra_022t-1,,,,0;1
146,apra_71,9999,438,-1::1,146,9999,hgrd1_tv1-apra_022t-1,,,,0;1
147,apev_72,9999,441,0;1,147,9999,twinv-apev_023t-1,,,,-1::1
148,apra_72,9999,444,-1::1,148,9999,pilot-apev_023t-1,,,,-1::1
149,apev_73,9999,447,0;1,149,9999,hgrd1_tv1-apev_023t-1,,,,-1::1
150,apra_73,9999,450,-1::1,150,9999,twinv-apra_023t-1,,,,0;1
151,apev_74,9999,453,0;1,151,9999,pilot-apra_023t-1,,,,0;1
152,apra_74,9999,456,-1::1,152,9999,hgrd1_tv1-apra_023t-1,,,,0;1
153,apev_75,9999,459,0;1,153,9999,twinv-apev_024t-1,,,,-1::1
154,apra_75,9999,462,-1::1,154,9999,pilot-apev_024t-1,,,,-1::1
155,apev_76,9999,465,0;1,155,9999,hgrd1_tv1-apev_024t-1,,,,-1::1
156,apra_76,9999,468,-1::1,156,9999,twinv-apra_024t-1,,,,0;1
157,apev_77,9999,471,0;1,157,9999,pilot-apra_024t-1,,,,0;1
158,apra_77,9999,474,-1::1,158,9999,hgrd1_tv1-apra_024t-1,,,,0;1
159,apev_78,9999,477,0;1,159,9999,twinv-apev_025t-1,,,,-1::1
160,apra_78,9999,480,-1::1,160,9999,pilot-apev_025t-1,,,,-1::1
161,apev_79,9999,483,0;1,161,9999,hgrd1_tv1-apev_025t-1,,,,-1::1
162,apra_79,9999,486,-1::1,162,9999,twinv-apra_025t-1,,,,0;1
163,apev_80,9999,489,0;1,163,9999,pilot-apra_025t-1,,,,0;1
164,apra_80,9999,492,-1::1,164,9999,hgrd1_tv1-apra_025t-1,,,,0;1
165,apev_81,9999,495,0;1,165,9999,twinv-apev_026t-1,,,,-1::1
166,apra_81,9999,498,-1::1,166,9999,pilot-apev_026t-1,,,,-1::1
167,apev_82,9999,501,0;1,167,9999,hgrd1_tv1-apev_026t-1,,,,-1::1
168,apra_82,9999,504,-1::1,168,9999,twinv-apra_026t-1,,,,0;1
169,apev_83,9999,507,0;1,169,9999,pilot-apra_026t-1,,,,0;1
170,apra_83,9999,510,-1::1,170,9999,hgrd1_tv1-apra_026t-1,,,,0;1
171,apev_84,9999,513,0;1,171,9999,twinv-apev_027t-1,,,,-1::1
172,apra_84,9999,516,-1::1,172,9999,pilot-apev_027t-1,,,,-1::1
173,apev_85,9999,519,0;1,173,9999,hgrd1_tv1-apev_027t-1,,,,-1::1
174,apra_85,9999,522,-1::1,174,9999,twinv-apra_027t-1,,,,0;1
175,apev_86,9999,525,0;1,175,9999,pilot-apra_027t-1,,,,0;1
176,apra_86,9999,528,-1::1,176,9999,hgrd1_tv1-apra_027t-1,,,,0;1
177,apev_87,9999,531,0;1,177,9999,twinv-apev_028t-1,,,,-1::1
178,apra_87,9999,534,-1::1,178,9999,pilot-apev_028t-1,,,,-1::1
179,apev_88,9999,537,0;1,179,9999,hgrd1_tv1-apev_028t-1,,,,-1::1
180,apra_88,9999,540,-1::1,180,9999,twinv-apra_028t-1,,,,0;1
181,apev_89,9999,543,0;1,181,9999,pilot-apra_028t-1,,,,0;1
182,apra_89,9999,546,-1::1,182,9999,hgrd1_tv1-apra_028t-1,,,,0;1
183,apev_90,9999,549,0;1,183,9999,twinv-apev_029t-1,,,,-1::1
184,apra_90,9999,552,-1::1,184,9999,pilot-apev_029t-1,,,,-1::1
185,apev_91,9999,555,0;1,185,9999,hgrd1_tv1-apev_029t-1,,,,-1::1
186,apra_91,9999,558,-1::1,186,9999,twinv-apra_029t-1,,,,0;1
187,apev_92,9999,561,0;1,187,9999,pilot-apra_029t-1,,,,0;1
188,apra_92,9999,564,-1::1,188,9999,hgrd1_tv1-apra_029t-1,,,,0;1
189,apev_93,9999,567,0;1,189,9999,twinv-apev_030t-1,,,,-1::1
190,apra_93,9999,570,-1::1,190,9999,pilot-apev_030t-1,,,,-1::1
191,apes_de,9999,,,191,9999,hgrd1_tv1-apev_030t-1,,,,-1::1
192,apes_dh,9999,,,192,9999,twinv-apra_030t-1,,,,0;1
193,apes_s,9999,,,193,9999,pilot-apra_030t-1,,,,0;1
194,dbc_tbps,9999,,,194,9999,hgrd1_tv1-apra_030t-1,,,,0;1
195,apes_ts,9999,"6,8,10,12,14,16,18,20,22,24,26,28,30,32,34,36,38,40,42,44,46,48,50,52,54,56,58,60,62,64,66,68,70,72,74,76,78,80,82,84,86,88,90,92,94,96,98,100,102,104,106,108,110,112,114,116,118,120,122,124,126,128,130,132,134,136,138,140,142,144,146,148,150,152,154,156,158,160,162,164,166,168,170,172,174,176,178,180,182,184,186,188,190",,195,9999,twinv-apev_031t-1,,sum,,-1::1
,,,,,196,9999,pilot-apev_031t-1,,,,-1::1
,,,,,197,,hgrd1_tv1-apev_031t-1,,,,-1::1
,,,,,198,,twinv-apra_031t-1,,,,0;1
,,,,,199,,pilot-apra_031t-1,,,,0;1
,,,,,200,,hgrd1_tv1-apra_031t-1,,,,0;1
,,,,,201,,twinv-apev_032t-1,,,,-1::1
,,,,,202,,pilot-apev_032t-1,,,,-1::1
,,,,,203,,hgrd1_tv1-apev_032t-1,,,,-1::1
,,,,,204,,twinv-apra_032t-1,,,,0;1
,,,,,205,,pilot-apra_032t-1,,,,0;1
,,,,,206,,hgrd1_tv1-apra_032t-1,,,,0;1
,,,,,207,,twinv-apev_033t-1,,,,-1::1
,,,,,208,,pilot-apev_033t-1,,,,-1::1
,,,,,209,,hgrd1_tv1-apev_033t-1,,,,-1::1
,,,,,210,,twinv-apra_033t-1,,,,0;1
,,,,,211,,pilot-apra_033t-1,,,,0;1
,,,,,212,,hgrd1_tv1-apra_033t-1,,,,0;1
,,,,,213,,twinv-apev_034t-1,,,,-1::1
,,,,,214,,pilot-apev_034t-1,,,,-1::1
,,,,,215,,hgrd1_tv1-apev_034t-1,,,,-1::1
,,,,,216,,twinv-apra_034t-1,,,,0;1
,,,,,217,,pilot-apra_034t-1,,,,0;1
,,,,,218,,hgrd1_tv1-apra_034t-1,,,,0;1
,,,,,219,,twinv-apev_035t-1,,,,-1::1
,,,,,220,,pilot-apev_035t-1,,,,-1::1
,,,,,221,,hgrd1_tv1-apev_035t-1,,,,-1::1
,,,,,222,,twinv-apra_035t-1,,,,0;1
,,,,,223,,pilot-apra_035t-1,,,,0;1
,,,,,224,,hgrd1_tv1-apra_035t-1,,,,0;1
,,,,,225,,twinv-apev_036t-1,,,,-1::1
,,,,,226,,pilot-apev_036t-1,,,,-1::1
,,,,,227,,hgrd1_tv1-apev_036t-1,,,,-1::1
,,,,,228,,twinv-apra_036t-1,,,,0;1
,,,,,229,,pilot-apra_036t-1,,,,0;1
,,,,,230,,hgrd1_tv1-apra_036t-1,,,,0;1
,,,,,231,,twinv-apev_037t-1,,,,-1::1
,,,,,232,,pilot-apev_037t-1,,,,-1::1
,,,,,233,,hgrd1_tv1-apev_037t-1,,,,-1::1
,,,,,234,,twinv-apra_037t-1,,,,0;1
,,,,,235,,pilot-apra_037t-1,,,,0;1
,,,,,236,,hgrd1_tv1-apra_037t-1,,,,0;1
,,,,,237,,twinv-apev_038t-1,,,,-1::1
,,,,,238,,pilot-apev_038t-1,,,,-1::1
,,,,,239,,hgrd1_tv1-apev_038t-1,,,,-1::1
,,,,,240,,twinv-apra_038t-1,,,,0;1
,,,,,241,,pilot-apra_038t-1,,,,0;1
,,,,,242,,hgrd1_tv1-apra_038t-1,,,,0;1
,,,,,243,,twinv-apev_039t-1,,,,-1::1
,,,,,244,,pilot-apev_039t-1,,,,-1::1
,,,,,245,,hgrd1_tv1-apev_039t-1,,,,-1::1
,,,,,246,,twinv-apra_039t-1,,,,0;1
,,,,,247,,pilot-apra_039t-1,,,,0;1
,,,,,248,,hgrd1_tv1-apra_039t-1,,,,0;1
,,,,,249,,twinv-apev_040t-1,,,,-1::1
,,,,,250,,pilot-apev_040t-1,,,,-1::1
,,,,,251,,hgrd1_tv1-apev_040t-1,,,,-1::1
,,,,,252,,twinv-apra_040t-1,,,,0;1
,,,,,253,,pilot-apra_040t-1,,,,0;1
,,,,,254,,hgrd1_tv1-apra_040t-1,,,,0;1
,,,,,255,,twinv-apev_041t-1,,,,-1::1
,,,,,256,,pilot-apev_041t-1,,,,-1::1
,,,,,257,,hgrd1_tv1-apev_041t-1,,,,-1::1
,,,,,258,,twinv-apra_041t-1,,,,0;1
,,,,,259,,pilot-apra_041t-1,,,,0;1
,,,,,260,,hgrd1_tv1-apra_041t-1,,,,0;1
,,,,,261,,twinv-apev_042t-1,,,,-1::1
,,,,,262,,pilot-apev_042t-1,,,,-1::1
,,,,,263,,hgrd1_tv1-apev_042t-1,,,,-1::1
,,,,,264,,twinv-apra_042t-1,,,,0;1
,,,,,265,,pilot-apra_042t-1,,,,0;1
,,,,,266,,hgrd1_tv1-apra_042t-1,,,,0;1
,,,,,267,,twinv-apev_043t-1,,,,-1::1
,,,,,268,,pilot-apev_043t-1,,,,-1::1
,,,,,269,,hgrd1_tv1-apev_043t-1,,,,-1::1
,,,,,270,,twinv-apra_043t-1,,,,0;1
,,,,,271,,pilot-apra_043t-1,,,,0;1
,,,,,272,,hgrd1_tv1-apra_043t-1,,,,0;1
,,,,,273,,twinv-apev_044t-1,,,,-1::1
,,,,,274,,pilot-apev_044t-1,,,,-1::1
,,,,,275,,hgrd1_tv1-apev_044t-1,,,,-1::1
,,,,,276,,twinv-apra_044t-1,,,,0;1
,,,,,277,,pilot-apra_044t-1,,,,0;1
,,,,,278,,hgrd1_tv1-apra_044t-1,,,,0;1
,,,,,279,,twinv-apev_045t-1,,,,-1::1
,,,,,280,,pilot-apev_045t-1,,,,-1::1
,,,,,281,,hgrd1_tv1-apev_045t-1,,,,-1::1
,,,,,282,,twinv-apra_045t-1,,,,0;1
,,,,,283,,pilot-apra_045t-1,,,,0;1
,,,,,284,,hgrd1_tv1-apra_045t-1,,,,0;1
,,,,,285,,twinv-apev_046t-1,,,,-1::1
,,,,,286,,pilot-apev_046t-1,,,,-1::1
,,,,,287,,hgrd1_tv1-apev_046t-1,,,,-1::1
,,,,,288,,twinv-apra_046t-1,,,,0;1
,,,,,289,,pilot-apra_046t-1,,,,0;1
,,,,,290,,hgrd1_tv1-apra_046t-1,,,,0;1
,,,,,291,,twinv-apev_047t-1,,,,-1::1
,,,,,292,,pilot-apev_047t-1,,,,-1::1
,,,,,293,,hgrd1_tv1-apev_047t-1,,,,-1::1
,,,,,294,,twinv-apra_047t-1,,,,0;1
,,,,,295,,pilot-apra_047t-1,,,,0;1
,,,,,296,,hgrd1_tv1-apra_047t-1,,,,0;1
,,,,,297,,twinv-apev_048t-1,,,,-1::1
,,,,,298,,pilot-apev_048t-1,,,,-1::1
,,,,,299,,hgrd1_tv1-apev_048t-1,,,,-1::1
,,,,,300,,twinv-apra_048t-1,,,,0;1
,,,,,301,,pilot-apra_048t-1,,,,0;1
,,,,,302,,hgrd1_tv1-apra_048t-1,,,,0;1
,,,,,303,,twinv-apev_049t-1,,,,-1::1
,,,,,304,,pilot-apev_049t-1,,,,-1::1
,,,,,305,,hgrd1_tv1-apev_049t-1,,,,-1::1
,,,,,306,,twinv-apra_049t-1,,,,0;1
,,,,,307,,pilot-apra_049t-1,,,,0;1
,,,,,308,,hgrd1_tv1-apra_049t-1,,,,0;1
,,,,,309,,twinv-apev_050t-1,,,,-1::1
,,,,,310,,pilot-apev_050t-1,,,,-1::1
,,,,,311,,hgrd1_tv1-apev_050t-1,,,,-1::1
,,,,,312,,twinv-apra_050t-1,,,,0;1
,,,,,313,,pilot-apra_050t-1,,,,0;1
,,,,,314,,hgrd1_tv1-apra_050t-1,,,,0;1
,,,,,315,,twinv-apev_051t-1,,,,-1::1
,,,,,316,,pilot-apev_051t-1,,,,-1::1
,,,,,317,,hgrd1_tv1-apev_051t-1,,,,-1::1
,,,,,318,,twinv-apra_051t-1,,,,0;1
,,,,,319,,pilot-apra_051t-1,,,,0;1
,,,,,320,,hgrd1_tv1-apra_051t-1,,,,0;1
,,,,,321,,twinv-apev_052t-1,,,,-1::1
,,,,,322,,pilot-apev_052t-1,,,,-1::1
,,,,,323,,hgrd1_tv1-apev_052t-1,,,,-1::1
,,,,,324,,twinv-apra_052t-1,,,,0;1
,,,,,325,,pilot-apra_052t-1,,,,0;1
,,,,,326,,hgrd1_tv1-apra_052t-1,,,,0;1
,,,,,327,,twinv-apev_053t-1,,,,-1::1
,,,,,328,,pilot-apev_053t-1,,,,-1::1
,,,,,329,,hgrd1_tv1-apev_053t-1,,,,-1::1
,,,,,330,,twinv-apra_053t-1,,,,0;1
,,,,,331,,pilot-apra_053t-1,,,,0;1
,,,,,332,,hgrd1_tv1-apra_053t-1,,,,0;1
,,,,,333,,twinv-apev_054t-1,,,,-1::1
,,,,,334,,pilot-apev_054t-1,,,,-1::1
,,,,,335,,hgrd1_tv1-apev_054t-1,,,,-1::1
,,,,,336,,twinv-apra_054t-1,,,,0;1
,,,,,337,,pilot-apra_054t-1,,,,0;1
,,,,,338,,hgrd1_tv1-apra_054t-1,,,,0;1
,,,,,339,,twinv-apev_055t-1,,,,-1::1
,,,,,340,,pilot-apev_055t-1,,,,-1::1
,,,,,341,,hgrd1_tv1-apev_055t-1,,,,-1::1
,,,,,342,,twinv-apra_055t-1,,,,0;1
,,,,,343,,pilot-apra_055t-1,,,,0;1
,,,,,344,,hgrd1_tv1-apra_055t-1,,,,0;1
,,,,,345,,twinv-apev_056t-1,,,,-1::1
,,,,,346,,pilot-apev_056t-1,,,,-1::1
,,,,,347,,hgrd1_tv1-apev_056t-1,,,,-1::1
,,,,,348,,twinv-apra_056t-1,,,,0;1
,,,,,349,,pilot-apra_056t-1,,,,0;1
,,,,,350,,hgrd1_tv1-apra_056t-1,,,,0;1
,,,,,351,,twinv-apev_057t-1,,,,-1::1
,,,,,352,,pilot-apev_057t-1,,,,-1::1
,,,,,353,,hgrd1_tv1-apev_057t-1,,,,-1::1
,,,,,354,,twinv-apra_057t-1,,,,0;1
,,,,,355,,pilot-apra_057t-1,,,,0;1
,,,,,356,,hgrd1_tv1-apra_057t-1,,,,0;1
,,,,,357,,twinv-apev_058t-1,,,,-1::1
,,,,,358,,pilot-apev_058t-1,,,,-1::1
,,,,,359,,hgrd1_tv1-apev_058t-1,,,,-1::1
,,,,,360,,twinv-apra_058t-1,,,,0;1
,,,,,361,,pilot-apra_058t-1,,,,0;1
,,,,,362,,hgrd1_tv1-apra_058t-1,,,,0;1
,,,,,363,,twinv-apev_059t-1,,,,-1::1
,,,,,364,,pilot-apev_059t-1,,,,-1::1
,,,,,365,,hgrd1_tv1-apev_059t-1,,,,-1::1
,,,,,366,,twinv-apra_059t-1,,,,0;1
,,,,,367,,pilot-apra_059t-1,,,,0;1
,,,,,368,,hgrd1_tv1-apra_059t-1,,,,0;1
,,,,,369,,twinv-apev_060t-1,,,,-1::1
,,,,,370,,pilot-apev_060t-1,,,,-1::1
,,,,,371,,hgrd1_tv1-apev_060t-1,,,,-1::1
,,,,,372,,twinv-apra_060t-1,,,,0;1
,,,,,373,,pilot-apra_060t-1,,,,0;1
,,,,,374,,hgrd1_tv1-apra_060t-1,,,,0;1
,,,,,375,,twinv-apev_061t-1,,,,-1::1
,,,,,376,,pilot-apev_061t-1,,,,-1::1
,,,,,377,,hgrd1_tv1-apev_061t-1,,,,-1::1
,,,,,378,,twinv-apra_061t-1,,,,0;1
,,,,,379,,pilot-apra_061t-1,,,,0;1
,,,,,380,,hgrd1_tv1-apra_061t-1,,,,0;1
,,,,,381,,twinv-apev_062t-1,,,,-1::1
,,,,,382,,pilot-apev_062t-1,,,,-1::1
,,,,,383,,hgrd1_tv1-apev_062t-1,,,,-1::1
,,,,,384,,twinv-apra_062t-1,,,,0;1
,,,,,385,,pilot-apra_062t-1,,,,0;1
,,,,,386,,hgrd1_tv1-apra_062t-1,,,,0;1
,,,,,387,,twinv-apev_063t-1,,,,-1::1
,,,,,388,,pilot-apev_063t-1,,,,-1::1
,,,,,389,,hgrd1_tv1-apev_063t-1,,,,-1::1
,,,,,390,,twinv-apra_063t-1,,,,0;1
,,,,,391,,pilot-apra_063t-1,,,,0;1
,,,,,392,,hgrd1_tv1-apra_063t-1,,,,0;1
,,,,,393,,twinv-apev_064t-1,,,,-1::1
,,,,,394,,pilot-apev_064t-1,,,,-1::1
,,,,,395,,hgrd1_tv1-apev_064t-1,,,,-1::1
,,,,,396,,twinv-apra_064t-1,,,,0;1
,,,,,397,,pilot-apra_064t-1,,,,0;1
,,,,,398,,hgrd1_tv1-apra_064t-1,,,,0;1
,,,,,399,,twinv-apev_065t-1,,,,-1::1
,,,,,400,,pilot-apev_065t-1,,,,-1::1
,,,,,401,,hgrd1_tv1-apev_065t-1,,,,-1::1
,,,,,402,,twinv-apra_065t-1,,,,0;1
,,,,,403,,pilot-apra_065t-1,,,,0;1
,,,,,404,,hgrd1_tv1-apra_065t-1,,,,0;1
,,,,,405,,twinv-apev_066t-1,,,,-1::1
,,,,,406,,pilot-apev_066t-1,,,,-1::1
,,,,,407,,hgrd1_tv1-apev_066t-1,,,,-1::1
,,,,,408,,twinv-apra_066t-1,,,,0;1
,,,,,409,,pilot-apra_066t-1,,,,0;1
,,,,,410,,hgrd1_tv1-apra_066t-1,,,,0;1
,,,,,411,,twinv-apev_067t-1,,,,-1::1
,,,,,412,,pilot-apev_067t-1,,,,-1::1
,,,,,413,,hgrd1_tv1-apev_067t-1,,,,-1::1
,,,,,414,,twinv-apra_067t-1,,,,0;1
,,,,,415,,pilot-apra_067t-1,,,,0;1
,,,,,416,,hgrd1_tv1-apra_067t-1,,,,0;1
,,,,,417,,twinv-apev_068t-1,,,,-1::1
,,,,,418,,pilot-apev_068t-1,,,,-1::1
,,,,,419,,hgrd1_tv1-apev_068t-1,,,,-1::1
,,,,,420,,twinv-apra_068t-1,,,,0;1
,,,,,421,,pilot-apra_068t-1,,,,0;1
,,,,,422,,hgrd1_tv1-apra_068t-1,,,,0;1
,,,,,423,,twinv-apev_069t-1,,,,-1::1
,,,,,424,,pilot-apev_069t-1,,,,-1::1
,,,,,425,,hgrd1_tv1-apev_069t-1,,,,-1::1
,,,,,426,,twinv-apra_069t-1,,,,0;1
,,,,,427,,pilot-apra_069t-1,,,,0;1
,,,,,428,,hgrd1_tv1-apra_069t-1,,,,0;1
,,,,,429,,twinv-apev_070t-1,,,,-1::1
,,,,,430,,pilot-apev_070t-1,,,,-1::1
,,,,,431,,hgrd1_tv1-apev_070t-1,,,,-1::1
,,,,,432,,twinv-apra_070t-1,,,,0;1
,,,,,433,,pilot-apra_070t-1,,,,0;1
,,,,,434,,hgrd1_tv1-apra_070t-1,,,,0;1
,,,,,435,,twinv-apev_071t-1,,,,-1::1
,,,,,436,,pilot-apev_071t-1,,,,-1::1
,,,,,437,,hgrd1_tv1-apev_071t-1,,,,-1::1
,,,,,438,,twinv-apra_071t-1,,,,0;1
,,,,,439,,pilot-apra_071t-1,,,,0;1
,,,,,440,,hgrd1_tv1-apra_071t-1,,,,0;1
,,,,,441,,twinv-apev_072t-1,,,,-1::1
,,,,,442,,pilot-apev_072t-1,,,,-1::1
,,,,,443,,hgrd1_tv1-apev_072t-1,,,,-1::1
,,,,,444,,twinv-apra_072t-1,,,,0;1
,,,,,445,,pilot-apra_072t-1,,,,0;1
,,,,,446,,hgrd1_tv1-apra_072t-1,,,,0;1
,,,,,447,,twinv-apev_073t-1,,,,-1::1
,,,,,448,,pilot-apev_073t-1,,,,-1::1
,,,,,449,,hgrd1_tv1-apev_073t-1,,,,-1::1
,,,,,450,,twinv-apra_073t-1,,,,0;1
,,,,,451,,pilot-apra_073t-1,,,,0;1
,,,,,452,,hgrd1_tv1-apra_073t-1,,,,0;1
,,,,,453,,twinv-apev_074t-1,,,,-1::1
,,,,,454,,pilot-apev_074t-1,,,,-1::1
,,,,,455,,hgrd1_tv1-apev_074t-1,,,,-1::1
,,,,,456,,twinv-apra_074t-1,,,,0;1
,,,,,457,,pilot-apra_074t-1,,,,0;1
,,,,,458,,hgrd1_tv1-apra_074t-1,,,,0;1
,,,,,459,,twinv-apev_075t-1,,,,-1::1
,,,,,460,,pilot-apev_075t-1,,,,-1::1
,,,,,461,,hgrd1_tv1-apev_075t-1,,,,-1::1
,,,,,462,,twinv-apra_075t-1,,,,0;1
,,,,,463,,pilot-apra_075t-1,,,,0;1
,,,,,464,,hgrd1_tv1-apra_075t-1,,,,0;1
,,,,,465,,twinv-apev_076t-1,,,,-1::1
,,,,,466,,pilot-apev_076t-1,,,,-1::1
,,,,,467,,hgrd1_tv1-apev_076t-1,,,,-1::1
,,,,,468,,twinv-apra_076t-1,,,,0;1
,,,,,469,,pilot-apra_076t-1,,,,0;1
,,,,,470,,hgrd1_tv1-apra_076t-1,,,,0;1
,,,,,471,,twinv-apev_077t-1,,,,-1::1
,,,,,472,,pilot-apev_077t-1,,,,-1::1
,,,,,473,,hgrd1_tv1-apev_077t-1,,,,-1::1
,,,,,474,,twinv-apra_077t-1,,,,0;1
,,,,,475,,pilot-apra_077t-1,,,,0;1
,,,,,476,,hgrd1_tv1-apra_077t-1,,,,0;1
,,,,,477,,twinv-apev_078t-1,,,,-1::1
,,,,,478,,pilot-apev_078t-1,,,,-1::1
,,,,,479,,hgrd1_tv1-apev_078t-1,,,,-1::1
,,,,,480,,twinv-apra_078t-1,,,,0;1
,,,,,481,,pilot-apra_078t-1,,,,0;1
,,,,,482,,hgrd1_tv1-apra_078t-1,,,,0;1
,,,,,483,,twinv-apev_079t-1,,,,-1::1
,,,,,484,,pilot-apev_079t-1,,,,-1::1
,,,,,485,,hgrd1_tv1-apev_079t-1,,,,-1::1
,,,,,486,,twinv-apra_079t-1,,,,0;1
,,,,,487,,pilot-apra_079t-1,,,,0;1
,,,,,488,,hgrd1_tv1-apra_079t-1,,,,0;1
,,,,,489,,twinv-apev_080t-1,,,,-1::1
,,,,,490,,pilot-apev_080t-1,,,,-1::1
,,,,,491,,hgrd1_tv1-apev_080t-1,,,,-1::1
,,,,,492,,twinv-apra_080t-1,,,,0;1
,,,,,493,,pilot-apra_080t-1,,,,0;1
,,,,,494,,hgrd1_tv1-apra_080t-1,,,,0;1
,,,,,495,,twinv-apev_081t-1,,,,-1::1
,,,,,496,,pilot-apev_081t-1,,,,-1::1
,,,,,497,,hgrd1_tv1-apev_081t-1,,,,-1::1
,,,,,498,,twinv-apra_081t-1,,,,0;1
,,,,,499,,pilot-apra_081t-1,,,,0;1
,,,,,500,,hgrd1_tv1-apra_081t-1,,,,0;1
,,,,,501,,twinv-apev_082t-1,,,,-1::1
,,,,,502,,pilot-apev_082t-1,,,,-1::1
,,,,,503,,hgrd1_tv1-apev_082t-1,,,,-1::1
,,,,,504,,twinv-apra_082t-1,,,,0;1
,,,,,505,,pilot-apra_082t-1,,,,0;1
,,,,,506,,hgrd1_tv1-apra_082t-1,,,,0;1
,,,,,507,,twinv-apev_083t-1,,,,-1::1
,,,,,508,,pilot-apev_083t-1,,,,-1::1
,,,,,509,,hgrd1_tv1-apev_083t-1,,,,-1::1
,,,,,510,,twinv-apra_083t-1,,,,0;1
,,,,,511,,pilot-apra_083t-1,,,,0;1
,,,,,512,,hgrd1_tv1-apra_083t-1,,,,0;1
,,,,,513,,twinv-apev_084t-1,,,,-1::1
,,,,,514,,pilot-apev_084t-1,,,,-1::1
,,,,,515,,hgrd1_tv1-apev_084t-1,,,,-1::1
,,,,,516,,twinv-apra_084t-1,,,,0;1
,,,,,517,,pilot-apra_084t-1,,,,0;1
,,,,,518,,hgrd1_tv1-apra_084t-1,,,,0;1
,,,,,519,,twinv-apev_085t-1,,,,-1::1
,,,,,520,,pilot-apev_085t-1,,,,-1::1
,,,,,521,,hgrd1_tv1-apev_085t-1,,,,-1::1
,,,,,522,,twinv-apra_085t-1,,,,0;1
,,,,,523,,pilot-apra_085t-1,,,,0;1
,,,,,524,,hgrd1_tv1-apra_085t-1,,,,0;1
,,,,,525,,twinv-apev_086t-1,,,,-1::1
,,,,,526,,pilot-apev_086t-1,,,,-1::1
,,,,,527,,hgrd1_tv1-apev_086t-1,,,,-1::1
,,,,,528,,twinv-apra_086t-1,,,,0;1
,,,,,529,,pilot-apra_086t-1,,,,0;1
,,,,,530,,hgrd1_tv1-apra_086t-1,,,,0;1
,,,,,531,,twinv-apev_087t-1,,,,-1::1
,,,,,532,,pilot-apev_087t-1,,,,-1::1
,,,,,533,,hgrd1_tv1-apev_087t-1,,,,-1::1
,,,,,534,,twinv-apra_087t-1,,,,0;1
,,,,,535,,pilot-apra_087t-1,,,,0;1
,,,,,536,,hgrd1_tv1-apra_087t-1,,,,0;1
,,,,,537,,twinv-apev_088t-1,,,,-1::1
,,,,,538,,pilot-apev_088t-1,,,,-1::1
,,,,,539,,hgrd1_tv1-apev_088t-1,,,,-1::1
,,,,,540,,twinv-apra_088t-1,,,,0;1
,,,,,541,,pilot-apra_088t-1,,,,0;1
,,,,,542,,hgrd1_tv1-apra_088t-1,,,,0;1
,,,,,543,,twinv-apev_089t-1,,,,-1::1
,,,,,544,,pilot-apev_089t-1,,,,-1::1
,,,,,545,,hgrd1_tv1-apev_089t-1,,,,-1::1
,,,,,546,,twinv-apra_089t-1,,,,0;1
,,,,,547,,pilot-apra_089t-1,,,,0;1
,,,,,548,,hgrd1_tv1-apra_089t-1,,,,0;1
,,,,,549,,twinv-apev_090t-1,,,,-1::1
,,,,,550,,pilot-apev_090t-1,,,,-1::1
,,,,,551,,hgrd1_tv1-apev_090t-1,,,,-1::1
,,,,,552,,twinv-apra_090t-1,,,,0;1
,,,,,553,,pilot-apra_090t-1,,,,0;1
,,,,,554,,hgrd1_tv1-apra_090t-1,,,,0;1
,,,,,555,,twinv-apev_091t-1,,,,-1::1
,,,,,556,,pilot-apev_091t-1,,,,-1::1
,,,,,557,,hgrd1_tv1-apev_091t-1,,,,-1::1
,,,,,558,,twinv-apra_091t-1,,,,0;1
,,,,,559,,pilot-apra_091t-1,,,,0;1
,,,,,560,,hgrd1_tv1-apra_091t-1,,,,0;1
,,,,,561,,twinv-apev_092t-1,,,,-1::1
,,,,,562,,pilot-apev_092t-1,,,,-1::1
,,,,,563,,hgrd1_tv1-apev_092t-1,,,,-1::1
,,,,,564,,twinv-apra_092t-1,,,,0;1
,,,,,565,,pilot-apra_092t-1,,,,0;1
,,,,,566,,hgrd1_tv1-apra_092t-1,,,,0;1
,,,,,567,,twinv-apev_093t-1,,,,-1::1
,,,,,568,,pilot-apev_093t-1,,,,-1::1
,,,,,569,,hgrd1_tv1-apev_093t-1,,,,-1::1
,,,,,570,,twinv-apra_093t-1,,,,0;1
,,,,,571,,pilot-apra_093t-1,,,,0;1
,,,,,572,,hgrd1_tv1-apra_093t-1,,,,0;1
